loss,grad_norm,learning_rate,epoch,step,eval_loss,eval_runtime,eval_samples_per_second,eval_steps_per_second,train_runtime,train_samples_per_second,train_steps_per_second,total_flos,train_loss
2.79012393951416,0.3832068145275116,1.0650887573964498e-05,0.01777382803821373,10,,,,,,,,,
2.7457786560058595,0.5358072519302368,2.2485207100591717e-05,0.03554765607642746,20,,,,,,,,,
2.401410675048828,0.9006031155586243,3.431952662721893e-05,0.05332148411464119,30,,,,,,,,,
1.5458144187927245,1.7335069179534912,4.615384615384616e-05,0.07109531215285492,40,,,,,,,,,
0.40229411125183107,0.3398117423057556,5.798816568047337e-05,0.08886914019106865,50,,,,,,,,,
0.10306246280670166,0.0989699587225914,6.98224852071006e-05,0.10664296822928238,60,,,,,,,,,
0.08624901175498963,0.07191778719425201,8.165680473372781e-05,0.12441679626749612,70,,,,,,,,,
0.08644418120384216,0.06809429079294205,9.349112426035503e-05,0.14219062430570983,80,,,,,,,,,
0.08217661380767823,0.06580318510532379,0.00010532544378698226,0.15996445234392356,90,,,,,,,,,
0.0834549069404602,0.05872773379087448,0.00011715976331360947,0.1777382803821373,100,,,,,,,,,
0.08431094288825988,0.06449601799249649,0.00012899408284023668,0.19551210842035102,110,,,,,,,,,
0.08333703279495239,0.06974415481090546,0.0001408284023668639,0.21328593645856475,120,,,,,,,,,
0.0832377552986145,0.05255286395549774,0.00015266272189349113,0.23105976449677848,130,,,,,,,,,
0.08328327536582947,0.073967844247818,0.00016449704142011836,0.24883359253499224,140,,,,,,,,,
0.07828736305236816,0.053205132484436035,0.00017633136094674556,0.26660742057320597,150,,,,,,,,,
0.08393979668617249,0.04593315348029137,0.00018816568047337278,0.28438124861141967,160,,,,,,,,,
0.0783157229423523,0.057556819170713425,0.0002,0.3021550766496334,170,,,,,,,,,
0.08095538020133972,0.05404563248157501,0.00019903984637542008,0.3199289046878471,180,,,,,,,,,
0.08329331874847412,0.05376604571938515,0.00019807969275084016,0.3377027327260609,190,,,,,,,,,
0.08135665059089661,0.04700680077075958,0.00019711953912626023,0.3554765607642746,200,,,,,,,,,
0.07525457739830017,0.053603481501340866,0.00019615938550168028,0.37325038880248834,210,,,,,,,,,
0.08210304379463196,0.05131738260388374,0.00019519923187710035,0.39102421684070204,220,,,,,,,,,
0.07593176364898682,0.04773553088307381,0.00019423907825252043,0.4087980448789158,230,,,,,,,,,
0.08221122026443481,0.045968782156705856,0.00019327892462794047,0.4265718729171295,240,,,,,,,,,
0.07962514758110047,0.04921283572912216,0.00019231877100336055,0.44434570095534326,250,,,,,,,,,
0.07237203717231751,0.053788118064403534,0.00019135861737878062,0.46211952899355696,260,,,,,,,,,
0.08216636776924133,0.05293763801455498,0.00019039846375420067,0.4798933570317707,270,,,,,,,,,
0.07539222836494446,0.04106123745441437,0.00018943831012962074,0.4976671850699845,280,,,,,,,,,
0.07373543381690979,0.04641011357307434,0.0001884781565050408,0.5154410131081982,290,,,,,,,,,
0.07450605630874634,0.042538709938526154,0.0001875180028804609,0.5332148411464119,300,,,,,,,,,
0.07558818459510804,0.0522097609937191,0.00018655784925588096,0.5509886691846256,310,,,,,,,,,
0.07820334434509277,0.044015783816576004,0.00018559769563130103,0.5687624972228393,320,,,,,,,,,
0.07244011163711547,0.04975252225995064,0.00018463754200672108,0.5865363252610531,330,,,,,,,,,
0.07529954314231872,0.04123246669769287,0.00018367738838214116,0.6043101532992669,340,,,,,,,,,
0.07540807723999024,0.0517205148935318,0.00018271723475756123,0.6220839813374806,350,,,,,,,,,
0.07754173278808593,0.04666520282626152,0.00018175708113298128,0.6398578093756943,360,,,,,,,,,
0.07756212949752808,0.04404660686850548,0.00018079692750840135,0.6576316374139081,370,,,,,,,,,
0.08212842941284179,0.05754416808485985,0.00017983677388382142,0.6754054654521218,380,,,,,,,,,
0.06782293915748597,0.040600910782814026,0.00017887662025924147,0.6931792934903355,390,,,,,,,,,
0.07693680524826049,0.05758959427475929,0.00017791646663466154,0.7109531215285492,400,,,,,,,,,
0.07066954970359803,0.044462960213422775,0.00017695631301008162,0.728726949566763,410,,,,,,,,,
0.06985384821891785,0.0487263984978199,0.0001759961593855017,0.7465007776049767,420,,,,,,,,,
0.07286385297775269,0.04682834446430206,0.00017503600576092176,0.7642746056431904,430,,,,,,,,,
0.07188009023666382,0.05584215372800827,0.00017407585213634184,0.7820484336814041,440,,,,,,,,,
0.06753540635108948,0.047312624752521515,0.00017311569851176189,0.7998222617196179,450,,,,,,,,,
0.06685724258422851,0.04128771647810936,0.00017215554488718196,0.8175960897578316,460,,,,,,,,,
0.08081856966018677,0.054014407098293304,0.00017119539126260203,0.8353699177960453,470,,,,,,,,,
0.07199662327766418,0.05001675710082054,0.0001702352376380221,0.853143745834259,480,,,,,,,,,
0.07122206091880798,0.05040864273905754,0.00016927508401344215,0.8709175738724728,490,,,,,,,,,
0.06788520216941833,0.04607053101062775,0.00016831493038886223,0.8886914019106865,500,,,,,,,,,
0.06495549082756043,0.04189607501029968,0.00016735477676428227,0.9064652299489002,510,,,,,,,,,
0.06903638243675232,0.043409235775470734,0.00016639462313970235,0.9242390579871139,520,,,,,,,,,
0.07179474234580993,0.05166627839207649,0.00016543446951512242,0.9420128860253277,530,,,,,,,,,
0.06806724667549133,0.05168885365128517,0.0001644743158905425,0.9597867140635414,540,,,,,,,,,
0.06927459239959717,0.04151663929224014,0.00016351416226596257,0.9775605421017551,550,,,,,,,,,
0.0752285897731781,0.055635686963796616,0.00016255400864138264,0.995334370139969,560,,,,,,,,,
,,,1.0,563,0.06832252442836761,44.947,22.271,5.584,,,,,
0.07162467837333679,0.053553059697151184,0.0001615938550168027,1.0124416796267497,570,,,,,,,,,
0.06493775844573975,0.04793480038642883,0.00016063370139222276,1.0302155076649633,580,,,,,,,,,
0.0746222972869873,0.05479811504483223,0.00015967354776764284,1.047989335703177,590,,,,,,,,,
0.06689452528953552,0.05310940369963646,0.0001587133941430629,1.0657631637413907,600,,,,,,,,,
0.07313365936279297,0.05729600787162781,0.00015775324051848296,1.0835369917796045,610,,,,,,,,,
0.0753225564956665,0.04259764775633812,0.00015679308689390303,1.1013108198178183,620,,,,,,,,,
0.06713141798973084,0.04352628067135811,0.00015583293326932308,1.119084647856032,630,,,,,,,,,
0.06775957942008973,0.05817655846476555,0.00015487277964474315,1.1368584758942457,640,,,,,,,,,
0.06905337572097778,0.0505940318107605,0.00015391262602016322,1.1546323039324595,650,,,,,,,,,
0.07288629412651063,0.0557379275560379,0.0001529524723955833,1.1724061319706731,660,,,,,,,,,
0.06554551124572754,0.0496474951505661,0.00015199231877100337,1.190179960008887,670,,,,,,,,,
0.07037450075149536,0.05731916427612305,0.00015103216514642345,1.2079537880471007,680,,,,,,,,,
0.07013756036758423,0.05241502821445465,0.0001500720115218435,1.2257276160853143,690,,,,,,,,,
0.06922995448112487,0.07793894410133362,0.00014911185789726357,1.2435014441235281,700,,,,,,,,,
0.06767907738685608,0.055756278336048126,0.00014815170427268364,1.261275272161742,710,,,,,,,,,
0.07055761814117431,0.058175425976514816,0.00014719155064810371,1.2790491001999555,720,,,,,,,,,
0.0674077332019806,0.05999872460961342,0.0001462313970235238,1.2968229282381694,730,,,,,,,,,
0.06907407641410827,0.05660692974925041,0.00014527124339894383,1.314596756276383,740,,,,,,,,,
0.05974102020263672,0.05168532952666283,0.00014431108977436388,1.3323705843145968,750,,,,,,,,,
0.06852266788482667,0.051339149475097656,0.00014335093614978395,1.3501444123528104,760,,,,,,,,,
0.06386142373085021,0.04429534822702408,0.00014239078252520403,1.3679182403910242,770,,,,,,,,,
0.06776095628738403,0.050392650067806244,0.0001414306289006241,1.385692068429238,780,,,,,,,,,
0.07325748801231384,0.04005381837487221,0.00014047047527604418,1.4034658964674516,790,,,,,,,,,
0.07117857933044433,0.04805104061961174,0.00013951032165146425,1.4212397245056654,800,,,,,,,,,
0.07398046255111694,0.0567346028983593,0.0001385501680268843,1.4390135525438792,810,,,,,,,,,
0.06956926584243775,0.052014198154211044,0.00013759001440230437,1.4567873805820928,820,,,,,,,,,
0.06381200551986695,0.0458315871655941,0.00013662986077772444,1.4745612086203066,830,,,,,,,,,
0.06461189985275269,0.0424291267991066,0.00013566970715314452,1.4923350366585204,840,,,,,,,,,
0.06853451132774353,0.045688461512327194,0.0001347095535285646,1.510108864696734,850,,,,,,,,,
0.07013922929763794,0.05976533889770508,0.00013374939990398464,1.5278826927349478,860,,,,,,,,,
0.06934869289398193,0.04151419177651405,0.0001327892462794047,1.5456565207731616,870,,,,,,,,,
0.06639302968978882,0.050610337406396866,0.00013182909265482476,1.5634303488113752,880,,,,,,,,,
0.063141131401062,0.05380096659064293,0.00013086893903024483,1.581204176849589,890,,,,,,,,,
0.06655859351158142,0.049951937049627304,0.0001299087854056649,1.5989780048878028,900,,,,,,,,,
0.06719474792480469,0.05805160850286484,0.00012894863178108498,1.6167518329260164,910,,,,,,,,,
0.06441817283630372,0.05415577441453934,0.00012798847815650505,1.63452566096423,920,,,,,,,,,
0.059005022048950195,0.054805412888526917,0.00012702832453192513,1.652299489002444,930,,,,,,,,,
0.0673269808292389,0.045357197523117065,0.00012606817090734517,1.6700733170406576,940,,,,,,,,,
0.0661941111087799,0.05579220503568649,0.00012510801728276525,1.6878471450788712,950,,,,,,,,,
0.06575890779495239,0.0635732114315033,0.00012414786365818532,1.705620973117085,960,,,,,,,,,
0.07548584938049316,0.05564020946621895,0.0001231877100336054,1.7233948011552989,970,,,,,,,,,
0.06324265003204346,0.04469187557697296,0.00012222755640902547,1.7411686291935125,980,,,,,,,,,
0.06704135537147522,0.040645696222782135,0.00012126740278444553,1.7589424572317263,990,,,,,,,,,
0.07040268778800965,0.057230498641729355,0.00012030724915986558,1.77671628526994,1000,,,,,,,,,
0.06380031108856202,0.04170173034071922,0.00011934709553528565,1.7944901133081537,1010,,,,,,,,,
0.06263542175292969,0.04140458628535271,0.00011838694191070572,1.8122639413463675,1020,,,,,,,,,
0.06667835116386414,0.048883870244026184,0.00011742678828612578,1.8300377693845813,1030,,,,,,,,,
0.06711175441741943,0.04318942129611969,0.00011646663466154586,1.8478115974227949,1040,,,,,,,,,
0.07266603112220764,0.048585303127765656,0.00011550648103696593,1.8655854254610087,1050,,,,,,,,,
0.06367127895355225,0.059645216912031174,0.00011454632741238598,1.8833592534992225,1060,,,,,,,,,
0.06655707359313964,0.049967750906944275,0.00011358617378780605,1.901133081537436,1070,,,,,,,,,
0.06120128035545349,0.040422435849905014,0.00011262602016322613,1.91890690957565,1080,,,,,,,,,
0.06435776948928833,0.048217419534921646,0.00011166586653864619,1.9366807376138637,1090,,,,,,,,,
0.06683547496795654,0.04695407673716545,0.00011070571291406626,1.9544545656520773,1100,,,,,,,,,
0.06597573161125184,0.04428635165095329,0.00010974555928948633,1.972228393690291,1110,,,,,,,,,
0.06546706557273865,0.04982888326048851,0.00010878540566490638,1.990002221728505,1120,,,,,,,,,
,,,2.0,1126,0.06515306234359741,45.2257,22.133,5.55,,,,,
0.0734825611114502,0.04237549379467964,0.00010782525204032645,2.0071095312152853,1130,,,,,,,,,
0.0532451868057251,0.056077465415000916,0.00010686509841574653,2.0248833592534994,1140,,,,,,,,,
0.06244098544120789,0.04842381924390793,0.00010590494479116659,2.042657187291713,1150,,,,,,,,,
0.06080134510993958,0.07004918158054352,0.00010494479116658666,2.0604310153299266,1160,,,,,,,,,
0.06529507040977478,0.0635317862033844,0.00010398463754200674,2.0782048433681406,1170,,,,,,,,,
0.057659578323364255,0.054691020399332047,0.00010302448391742678,2.095978671406354,1180,,,,,,,,,
0.05753912925720215,0.04578418284654617,0.00010206433029284686,2.113752499444568,1190,,,,,,,,,
0.06857693791389466,0.05855046212673187,0.00010110417666826693,2.1315263274827814,1200,,,,,,,,,
0.06138970255851746,0.06103920191526413,0.00010014402304368699,2.1493001555209954,1210,,,,,,,,,
0.06729525327682495,0.06906690448522568,9.918386941910706e-05,2.167073983559209,1220,,,,,,,,,
0.059166443347930905,0.06829951703548431,9.822371579452712e-05,2.1848478115974226,1230,,,,,,,,,
0.056385546922683716,0.056531213223934174,9.72635621699472e-05,2.2026216396356366,1240,,,,,,,,,
0.059481745958328246,0.06073012575507164,9.630340854536727e-05,2.22039546767385,1250,,,,,,,,,
0.05840582251548767,0.051392942667007446,9.534325492078733e-05,2.238169295712064,1260,,,,,,,,,
0.059281033277511594,0.06211383640766144,9.43831012962074e-05,2.255943123750278,1270,,,,,,,,,
0.05902460813522339,0.07287085056304932,9.342294767162747e-05,2.2737169517884914,1280,,,,,,,,,
0.06395581960678101,0.06681710481643677,9.246279404704753e-05,2.291490779826705,1290,,,,,,,,,
0.058606702089309695,0.06033904477953911,9.15026404224676e-05,2.309264607864919,1300,,,,,,,,,
0.0685638129711151,0.06787113845348358,9.054248679788767e-05,2.3270384359031326,1310,,,,,,,,,
0.06311123371124268,0.07928551733493805,8.958233317330773e-05,2.3448122639413462,1320,,,,,,,,,
0.06265194416046142,0.06909921765327454,8.862217954872781e-05,2.3625860919795603,1330,,,,,,,,,
0.058249753713607785,0.07143621146678925,8.766202592414787e-05,2.380359920017774,1340,,,,,,,,,
0.06216856837272644,0.0773322582244873,8.670187229956793e-05,2.3981337480559874,1350,,,,,,,,,
0.06370694041252137,0.06865417212247849,8.5741718674988e-05,2.4159075760942015,1360,,,,,,,,,
0.0627135992050171,0.059697315096855164,8.478156505040807e-05,2.433681404132415,1370,,,,,,,,,
0.05970220565795899,0.05748743191361427,8.382141142582814e-05,2.4514552321706287,1380,,,,,,,,,
0.061080324649810794,0.0675738975405693,8.286125780124821e-05,2.4692290602088427,1390,,,,,,,,,
0.06145547032356262,0.057113684713840485,8.190110417666827e-05,2.4870028882470563,1400,,,,,,,,,
0.06513983607292176,0.07300549000501633,8.094095055208833e-05,2.50477671628527,1410,,,,,,,,,
0.05697141289710998,0.05412796512246132,7.99807969275084e-05,2.522550544323484,1420,,,,,,,,,
0.058189141750335696,0.06134679540991783,7.902064330292848e-05,2.5403243723616975,1430,,,,,,,,,
0.06235835552215576,0.06581234186887741,7.806048967834854e-05,2.558098200399911,1440,,,,,,,,,
0.06290832161903381,0.06638772040605545,7.710033605376861e-05,2.575872028438125,1450,,,,,,,,,
0.05616157650947571,0.06323825567960739,7.614018242918867e-05,2.5936458564763387,1460,,,,,,,,,
0.05718638896942139,0.0646461769938469,7.518002880460873e-05,2.6114196845145523,1470,,,,,,,,,
0.06327167749404908,0.05300792679190636,7.42198751800288e-05,2.629193512552766,1480,,,,,,,,,
0.060815286636352536,0.0664810761809349,7.325972155544888e-05,2.64696734059098,1490,,,,,,,,,
0.059559750556945804,0.058224182575941086,7.229956793086894e-05,2.6647411686291935,1500,,,,,,,,,
0.06041964292526245,0.07227232307195663,7.133941430628901e-05,2.682514996667407,1510,,,,,,,,,
0.05590498447418213,0.062457598745822906,7.037926068170909e-05,2.7002888247056207,1520,,,,,,,,,
0.07005230784416198,0.07674592733383179,6.941910705712915e-05,2.7180626527438347,1530,,,,,,,,,
0.06242338418960571,0.0807110145688057,6.845895343254921e-05,2.7358364807820483,1540,,,,,,,,,
0.06043739318847656,0.056765779852867126,6.749879980796928e-05,2.753610308820262,1550,,,,,,,,,
0.06114939451217651,0.06559892743825912,6.653864618338934e-05,2.771384136858476,1560,,,,,,,,,
0.06331931948661804,0.05403418838977814,6.557849255880941e-05,2.7891579648966895,1570,,,,,,,,,
0.0571963369846344,0.0635630339384079,6.461833893422949e-05,2.806931792934903,1580,,,,,,,,,
0.062199348211288454,0.07312661409378052,6.365818530964955e-05,2.824705620973117,1590,,,,,,,,,
0.06227569580078125,0.06512042135000229,6.269803168506961e-05,2.8424794490113308,1600,,,,,,,,,
0.05990923643112182,0.07694164663553238,6.173787806048968e-05,2.8602532770495444,1610,,,,,,,,,
0.05918181538581848,0.057868074625730515,6.077772443590974e-05,2.8780271050877584,1620,,,,,,,,,
0.05547343492507935,0.05864517390727997,5.981757081132982e-05,2.895800933125972,1630,,,,,,,,,
0.056704217195510866,0.05429563298821449,5.8857417186749884e-05,2.9135747611641856,1640,,,,,,,,,
0.06279194355010986,0.07171384245157242,5.7897263562169944e-05,2.9313485892023996,1650,,,,,,,,,
0.059871190786361696,0.06716086715459824,5.693710993759002e-05,2.949122417240613,1660,,,,,,,,,
0.05823873281478882,0.06160750612616539,5.5976956313010085e-05,2.966896245278827,1670,,,,,,,,,
0.059028953313827515,0.06685125082731247,5.5016802688430145e-05,2.984670073317041,1680,,,,,,,,,
,,,3.0,1689,0.0645318403840065,44.6693,22.409,5.619,,,,,
0.05674599409103394,0.0639718696475029,5.405664906385022e-05,3.0017773828038212,1690,,,,,,,,,
0.05445775985717773,0.08180834352970123,5.3096495439270286e-05,3.0195512108420353,1700,,,,,,,,,
0.05192137360572815,0.08507692813873291,5.2136341814690346e-05,3.037325038880249,1710,,,,,,,,,
0.050047951936721805,0.0857517346739769,5.117618819011042e-05,3.0550988669184624,1720,,,,,,,,,
0.05318149924278259,0.08253775537014008,5.0216034565530486e-05,3.0728726949566765,1730,,,,,,,,,
0.0495773583650589,0.05896543338894844,4.9255880940950553e-05,3.09064652299489,1740,,,,,,,,,
0.05357235074043274,0.10506369918584824,4.829572731637062e-05,3.1084203510331037,1750,,,,,,,,,
0.05295727252960205,0.06795189529657364,4.7335573691790694e-05,3.1261941790713177,1760,,,,,,,,,
0.045776578783988955,0.08975310623645782,4.6375420067210754e-05,3.1439680071095313,1770,,,,,,,,,
0.05079489350318909,0.06945323944091797,4.541526644263082e-05,3.161741835147745,1780,,,,,,,,,
0.050676995515823366,0.08972864598035812,4.4455112818050895e-05,3.179515663185959,1790,,,,,,,,,
0.05103594660758972,0.11230521649122238,4.3494959193470955e-05,3.1972894912241725,1800,,,,,,,,,
0.051184076070785525,0.08739782124757767,4.253480556889102e-05,3.215063319262386,1810,,,,,,,,,
0.0538844645023346,0.1147923618555069,4.1574651944311096e-05,3.2328371473005997,1820,,,,,,,,,
0.051562219858169556,0.06952141225337982,4.0614498319731156e-05,3.2506109753388137,1830,,,,,,,,,
0.05261872410774231,0.117836594581604,3.965434469515122e-05,3.2683848033770273,1840,,,,,,,,,
0.05280890464782715,0.10411965847015381,3.86941910705713e-05,3.286158631415241,1850,,,,,,,,,
0.052764898538589476,0.07652568072080612,3.773403744599136e-05,3.303932459453455,1860,,,,,,,,,
0.053902077674865725,0.08698796480894089,3.6773883821411424e-05,3.3217062874916685,1870,,,,,,,,,
0.053799211978912354,0.10726552456617355,3.58137301968315e-05,3.339480115529882,1880,,,,,,,,,
0.054809606075286864,0.0918286144733429,3.4853576572251565e-05,3.357253943568096,1890,,,,,,,,,
0.05274141430854797,0.10354079306125641,3.3893422947671625e-05,3.3750277716063097,1900,,,,,,,,,
0.05131272673606872,0.07911466807126999,3.29332693230917e-05,3.3928015996445233,1910,,,,,,,,,
0.053058797121047975,0.09909935295581818,3.1973115698511766e-05,3.4105754276827374,1920,,,,,,,,,
0.05155685544013977,0.06947918981313705,3.1012962073931826e-05,3.428349255720951,1930,,,,,,,,,
0.0484363853931427,0.09638665616512299,3.00528084493519e-05,3.4461230837591645,1940,,,,,,,,,
0.05577781200408936,0.09218140691518784,2.9092654824771964e-05,3.463896911797378,1950,,,,,,,,,
0.052071917057037356,0.07659295946359634,2.813250120019203e-05,3.481670739835592,1960,,,,,,,,,
0.0528647780418396,0.10011481493711472,2.71723475756121e-05,3.4994445678738058,1970,,,,,,,,,
0.05101272463798523,0.08960681408643723,2.6212193951032165e-05,3.5172183959120193,1980,,,,,,,,,
0.05822914242744446,0.09505175054073334,2.525204032645223e-05,3.5349922239502334,1990,,,,,,,,,
0.04963005781173706,0.09568949788808823,2.4291886701872302e-05,3.552766051988447,2000,,,,,,,,,
0.054230183362960815,0.11844880878925323,2.3331733077292365e-05,3.5705398800266606,2010,,,,,,,,,
0.05431135892868042,0.09006503224372864,2.2371579452712436e-05,3.5883137080648746,2020,,,,,,,,,
0.05300570726394653,0.09775418788194656,2.1411425828132503e-05,3.606087536103088,2030,,,,,,,,,
0.0512275755405426,0.10322387516498566,2.045127220355257e-05,3.6238613641413018,2040,,,,,,,,,
0.0532895028591156,0.10886429250240326,1.9491118578972637e-05,3.641635192179516,2050,,,,,,,,,
0.05279750823974609,0.09216231852769852,1.8530964954392704e-05,3.6594090202177294,2060,,,,,,,,,
0.049488961696624756,0.08935398608446121,1.757081132981277e-05,3.677182848255943,2070,,,,,,,,,
0.054892992973327635,0.10188937187194824,1.6610657705232838e-05,3.694956676294157,2080,,,,,,,,,
0.052281039953231814,0.08673989027738571,1.5650504080652905e-05,3.7127305043323706,2090,,,,,,,,,
0.05360831618309021,0.09686329215765,1.4690350456072972e-05,3.730504332370584,2100,,,,,,,,,
0.05315359234809876,0.08623779565095901,1.3730196831493039e-05,3.7482781604087982,2110,,,,,,,,,
0.05355726480484009,0.09769026935100555,1.2770043206913107e-05,3.766051988447012,2120,,,,,,,,,
0.05433189272880554,0.08505555987358093,1.1809889582333174e-05,3.7838258164852254,2130,,,,,,,,,
0.050418746471405027,0.07664467394351959,1.084973595775324e-05,3.8015996445234395,2140,,,,,,,,,
0.04991254508495331,0.09366998821496964,9.889582333173308e-06,3.819373472561653,2150,,,,,,,,,
0.050817883014678954,0.08712919056415558,8.929428708593375e-06,3.8371473005998666,2160,,,,,,,,,
0.04784165322780609,0.0979534313082695,7.969275084013442e-06,3.8549211286380807,2170,,,,,,,,,
0.05423426628112793,0.11688369512557983,7.009121459433509e-06,3.8726949566762943,2180,,,,,,,,,
0.05480819344520569,0.10631062090396881,6.048967834853577e-06,3.890468784714508,2190,,,,,,,,,
0.053202968835830686,0.1207960769534111,5.088814210273644e-06,3.908242612752722,2200,,,,,,,,,
0.05177710652351379,0.08820394426584244,4.128660585693711e-06,3.9260164407909355,2210,,,,,,,,,
0.05466998815536499,0.1206212118268013,3.1685069611137785e-06,3.943790268829149,2220,,,,,,,,,
0.051558506488800046,0.09548336267471313,2.2083533365338455e-06,3.9615640968673627,2230,,,,,,,,,
0.053652364015579226,0.08765767514705658,1.2481997119539127e-06,3.9793379249055767,2240,,,,,,,,,
0.05914992094039917,0.1118566021323204,2.8804608737397985e-07,3.9971117529437903,2250,,,,,,,,,
,,,4.0,2252,0.06699270755052567,43.7759,22.866,5.734,,,,,
,,,4.0,2252,,,,,6785.7886,5.306,0.332,6.420018462706975e+17,0.10665095379480143
